time_from,time_to,biomass,coal,imports,gas,nuclear,other,hydro,solar,wind
2026-05-12T23:30Z,2026-05-13T00:00Z,10.1,0.0,18.5,11.7,13.7,0.7,0.6,0.0,44.6
2026-05-13T00:00Z,2026-05-13T00:30Z,10.2,0.0,18.7,11.8,13.7,1.1,0.6,0.0,43.9
2026-05-13T00:30Z,2026-05-13T01:00Z,10.2,0.0,18.8,11.6,13.8,1.6,0.6,0.0,43.3
2026-05-13T01:00Z,2026-05-13T01:30Z,10.3,0.0,18.9,13.0,13.9,0.8,0.6,0.0,42.5
2026-05-13T01:30Z,2026-05-13T02:00Z,10.3,0.0,19.3,13.3,14.1,0.6,0.7,0.0,41.9
2026-05-13T02:00Z,2026-05-13T02:30Z,10.5,0.0,19.8,11.1,14.3,0.5,0.7,0.0,43.0
2026-05-13T02:30Z,2026-05-13T03:00Z,10.7,0.0,19.3,11.9,14.4,0.9,0.7,0.0,42.2
2026-05-13T03:00Z,2026-05-13T03:30Z,10.8,0.0,19.3,12.1,14.5,0.8,0.8,0.0,41.8
2026-05-13T03:30Z,2026-05-13T04:00Z,10.8,0.0,16.2,13.9,14.5,1.6,1.0,0.0,41.9
2026-05-13T04:00Z,2026-05-13T04:30Z,10.3,0.0,15.5,12.9,13.9,2.3,1.0,0.3,43.7
2026-05-13T04:30Z,2026-05-13T05:00Z,10.0,0.0,17.3,13.0,13.5,1.7,1.2,0.8,42.4
2026-05-13T05:00Z,2026-05-13T05:30Z,9.6,0.0,16.7,13.8,12.9,6.2,1.8,1.7,37.3
2026-05-13T05:30Z,2026-05-13T06:00Z,9.1,0.0,17.1,14.8,12.2,6.6,1.8,4.1,34.3
2026-05-13T06:00Z,2026-05-13T06:30Z,8.7,0.0,16.3,14.1,11.7,7.5,1.8,6.5,33.4
2026-05-13T06:30Z,2026-05-13T07:00Z,8.3,0.0,16.9,13.3,11.3,5.6,2.6,8.6,33.4
2026-05-13T07:00Z,2026-05-13T07:30Z,8.0,0.0,16.4,12.9,10.8,4.4,2.4,10.5,34.5
2026-05-13T07:30Z,2026-05-13T08:00Z,7.9,0.0,15.3,13.1,10.7,3.0,1.1,13.4,35.6
2026-05-13T08:00Z,2026-05-13T08:30Z,7.7,0.0,14.9,12.7,10.4,2.9,0.4,15.8,35.3
2026-05-13T08:30Z,2026-05-13T09:00Z,7.7,0.0,15.2,12.5,10.4,2.7,0.3,17.8,33.5
2026-05-13T09:00Z,2026-05-13T09:30Z,7.6,0.0,15.2,12.5,10.3,3.8,0.4,19.3,30.8
2026-05-13T09:30Z,2026-05-13T10:00Z,7.6,0.0,15.5,13.0,10.4,2.7,0.4,21.5,29.0
2026-05-13T10:00Z,2026-05-13T10:30Z,7.7,0.0,15.7,12.8,10.4,2.9,0.3,22.6,27.5
2026-05-13T10:30Z,2026-05-13T11:00Z,7.5,0.0,17.0,13.0,10.2,2.2,0.5,24.4,25.2
2026-05-13T11:00Z,2026-05-13T11:30Z,7.5,0.0,16.9,13.0,10.1,2.0,0.3,24.5,26.0
2026-05-13T11:30Z,2026-05-13T12:00Z,7.5,0.0,14.7,13.4,10.1,2.1,0.4,25.9,25.9
2026-05-13T12:00Z,2026-05-13T12:30Z,7.4,0.0,14.3,14.2,10.0,2.0,0.2,26.2,25.7
2026-05-13T12:30Z,2026-05-13T13:00Z,7.5,0.0,13.6,13.5,10.1,2.5,0.2,26.2,26.5
2026-05-13T13:00Z,2026-05-13T13:30Z,7.6,0.0,13.7,14.1,10.3,2.2,0.5,25.9,25.7
2026-05-13T13:30Z,2026-05-13T14:00Z,7.6,0.0,13.7,15.8,10.3,2.2,0.3,25.3,24.8
2026-05-13T14:00Z,2026-05-13T14:30Z,7.6,0.0,13.7,17.4,10.3,2.4,0.3,23.7,24.7
2026-05-13T14:30Z,2026-05-13T15:00Z,7.5,0.0,13.3,19.3,10.1,2.9,0.5,22.0,24.4
2026-05-13T15:00Z,2026-05-13T15:30Z,7.5,0.0,13.5,21.3,10.1,3.4,0.5,19.9,23.7
2026-05-13T15:30Z,2026-05-13T16:00Z,7.4,0.0,13.5,24.2,9.9,4.9,1.2,17.3,21.6
2026-05-13T16:00Z,2026-05-13T16:30Z,7.3,0.0,13.4,27.5,9.9,5.4,0.8,13.9,21.8
2026-05-13T16:30Z,2026-05-13T17:00Z,7.1,0.0,12.1,29.7,9.6,5.1,2.8,11.0,22.4
2026-05-13T17:00Z,2026-05-13T17:30Z,7.2,0.0,12.3,31.7,9.8,6.1,3.9,8.8,20.3
2026-05-13T17:30Z,2026-05-13T18:00Z,7.4,0.0,11.7,33.2,10.0,5.5,4.5,7.3,20.5
2026-05-13T18:00Z,2026-05-13T18:30Z,7.5,0.0,12.0,33.8,10.2,5.1,4.8,5.3,21.4
2026-05-13T18:30Z,2026-05-13T19:00Z,7.7,0.0,14.1,34.7,10.5,3.0,5.0,3.1,21.9
2026-05-13T19:00Z,2026-05-13T19:30Z,7.9,0.0,14.7,35.2,10.7,2.6,3.9,1.3,23.8
2026-05-13T19:30Z,2026-05-13T20:00Z,8.0,0.0,14.7,35.6,10.8,2.8,2.9,0.6,24.6
2026-05-13T20:00Z,2026-05-13T20:30Z,8.3,0.0,15.1,35.8,11.3,1.7,2.1,0.0,25.8
2026-05-13T20:30Z,2026-05-13T21:00Z,8.5,0.0,14.3,36.1,11.6,1.9,1.1,0.0,26.6
2026-05-13T21:00Z,2026-05-13T21:30Z,8.9,0.0,14.8,35.1,12.0,1.6,1.1,0.0,26.6
2026-05-13T21:30Z,2026-05-13T22:00Z,9.5,0.0,18.7,27.9,12.9,1.4,1.1,0.0,28.6
2026-05-13T22:00Z,2026-05-13T22:30Z,9.9,0.0,20.1,22.1,13.4,1.4,1.1,0.0,32.0
2026-05-13T22:30Z,2026-05-13T23:00Z,9.7,0.0,20.8,18.8,13.2,1.6,1.1,0.0,34.7
2026-05-13T23:00Z,2026-05-13T23:30Z,9.8,0.0,21.1,16.4,13.3,0.8,0.9,0.0,37.7
2026-05-13T23:30Z,2026-05-14T00:00Z,10.0,0.0,21.6,15.7,13.5,1.4,0.8,0.0,37.0
2026-05-14T00:00Z,2026-05-14T00:30Z,10.1,0.0,21.8,16.5,13.6,1.4,0.9,0.0,35.8
2026-05-14T00:30Z,2026-05-14T01:00Z,10.3,0.0,21.1,15.2,14.1,1.2,0.9,0.0,37.2
2026-05-14T01:00Z,2026-05-14T01:30Z,10.2,0.0,20.8,14.8,14.0,1.7,0.9,0.0,37.7
2026-05-14T01:30Z,2026-05-14T02:00Z,10.5,0.0,19.6,14.7,14.3,1.4,0.9,0.0,38.5
2026-05-14T02:00Z,2026-05-14T02:30Z,10.5,0.0,19.5,15.5,14.3,1.9,0.9,0.0,37.3
2026-05-14T02:30Z,2026-05-14T03:00Z,10.6,0.0,19.3,15.6,14.5,1.4,0.9,0.0,37.7
2026-05-14T03:00Z,2026-05-14T03:30Z,10.5,0.0,19.2,15.3,14.3,1.4,0.9,0.0,38.4
2026-05-14T03:30Z,2026-05-14T04:00Z,10.3,0.0,19.8,14.8,14.0,1.2,0.7,0.0,39.2
2026-05-14T04:00Z,2026-05-14T04:30Z,10.2,0.0,19.5,15.4,13.9,2.9,0.8,0.4,36.9
2026-05-14T04:30Z,2026-05-14T05:00Z,10.1,0.0,22.7,15.6,13.7,1.5,0.8,0.9,34.7
2026-05-14T05:00Z,2026-05-14T05:30Z,9.4,0.0,21.4,17.6,12.8,3.9,0.8,1.9,32.1
2026-05-14T05:30Z,2026-05-14T06:00Z,8.7,0.0,20.6,19.1,11.9,5.6,0.8,4.4,28.9
2026-05-14T06:00Z,2026-05-14T06:30Z,8.3,0.0,19.7,18.0,11.4,6.7,0.8,6.7,28.4
2026-05-14T06:30Z,2026-05-14T07:00Z,8.1,0.0,19.1,17.2,11.1,5.7,0.8,9.1,29.0
2026-05-14T07:00Z,2026-05-14T07:30Z,8.0,0.0,19.0,17.5,11.0,4.3,0.7,11.1,28.3
2026-05-14T07:30Z,2026-05-14T08:00Z,7.7,0.0,18.4,18.2,10.6,3.4,0.7,13.8,27.3
2026-05-14T08:00Z,2026-05-14T08:30Z,7.6,0.0,18.1,17.5,10.4,1.5,0.7,15.9,28.4
2026-05-14T08:30Z,2026-05-14T09:00Z,7.4,0.0,18.0,14.8,10.3,1.5,0.6,18.0,29.4
2026-05-14T09:00Z,2026-05-14T09:30Z,7.4,0.0,18.2,13.6,10.5,1.8,0.5,19.6,28.4
2026-05-14T09:30Z,2026-05-14T10:00Z,7.5,0.0,18.5,11.8,10.6,1.7,0.4,21.0,28.6
2026-05-14T10:00Z,2026-05-14T10:30Z,7.3,0.0,18.1,10.8,10.4,1.4,0.3,22.8,28.8
2026-05-14T10:30Z,2026-05-14T11:00Z,7.2,0.0,17.7,10.7,10.2,1.9,0.3,23.2,28.8
2026-05-14T11:00Z,2026-05-14T11:30Z,7.2,0.0,17.7,10.3,10.2,2.0,0.3,24.6,27.8
2026-05-14T11:30Z,2026-05-14T12:00Z,7.2,0.0,17.9,9.5,10.3,2.4,0.2,25.7,26.7
2026-05-14T12:00Z,2026-05-14T12:30Z,7.0,0.0,17.1,9.0,9.9,2.0,0.2,24.8,30.0
2026-05-14T12:30Z,2026-05-14T13:00Z,6.8,0.0,16.7,9.0,9.9,1.8,0.2,24.9,30.9
2026-05-14T13:00Z,2026-05-14T13:30Z,6.6,0.0,16.5,9.7,9.7,1.7,0.3,24.4,31.2
2026-05-14T13:30Z,2026-05-14T14:00Z,6.6,0.0,15.8,12.2,9.9,1.6,0.3,23.7,29.9
2026-05-14T14:00Z,2026-05-14T14:30Z,6.3,0.0,15.6,12.2,9.8,1.5,0.3,22.3,31.9
2026-05-14T14:30Z,2026-05-14T15:00Z,6.2,0.0,16.3,11.5,9.9,1.9,0.3,21.6,32.2
2026-05-14T15:00Z,2026-05-14T15:30Z,6.2,0.0,16.4,14.6,10.0,2.1,0.3,19.8,30.6
2026-05-14T15:30Z,2026-05-14T16:00Z,6.0,0.0,16.7,18.8,10.0,2.3,0.6,17.8,27.8
2026-05-14T16:00Z,2026-05-14T16:30Z,5.8,0.0,16.6,22.7,9.9,2.1,0.6,14.8,27.5
2026-05-14T16:30Z,2026-05-14T17:00Z,5.6,0.0,15.2,26.3,9.7,3.5,0.9,12.0,26.9
2026-05-14T17:00Z,2026-05-14T17:30Z,5.5,0.0,15.0,28.2,9.6,3.9,1.1,9.3,27.4
2026-05-14T17:30Z,2026-05-14T18:00Z,5.0,0.0,14.7,30.3,9.6,4.9,2.8,7.2,25.5
2026-05-14T18:00Z,2026-05-14T18:30Z,5.2,0.0,15.0,31.7,9.9,5.2,1.7,5.2,26.2
2026-05-14T18:30Z,2026-05-14T19:00Z,5.5,0.0,15.1,33.7,10.5,4.6,1.7,3.1,25.9
2026-05-14T19:00Z,2026-05-14T19:30Z,5.5,0.0,15.1,34.4,10.5,5.3,1.9,1.4,26.0
2026-05-14T19:30Z,2026-05-14T20:00Z,5.6,0.0,16.4,34.7,10.7,3.9,2.2,0.6,25.8
2026-05-14T20:00Z,2026-05-14T20:30Z,6.0,0.0,16.6,35.8,11.0,2.2,2.0,0.0,26.3
2026-05-14T20:30Z,2026-05-14T21:00Z,6.0,0.0,14.2,36.7,11.0,2.9,2.2,0.0,27.1
2026-05-14T21:00Z,2026-05-14T21:30Z,6.3,0.0,14.6,36.2,11.4,1.8,1.4,0.0,28.3
2026-05-14T21:30Z,2026-05-14T22:00Z,6.6,0.0,14.2,34.4,12.0,1.0,1.1,0.0,30.6
2026-05-14T22:00Z,2026-05-14T22:30Z,6.9,0.0,14.7,30.7,12.5,1.3,1.1,0.0,32.8
2026-05-14T22:30Z,2026-05-14T23:00Z,6.9,0.0,15.7,28.1,12.7,0.8,1.1,0.0,34.7
2026-05-14T23:00Z,2026-05-14T23:30Z,7.1,0.0,16.0,25.1,12.9,0.9,0.8,0.0,37.2
2026-05-14T23:30Z,2026-05-15T00:00Z,7.1,0.0,16.7,22.3,12.9,1.2,1.1,0.0,38.6
2026-05-15T00:00Z,2026-05-15T00:30Z,7.1,0.0,16.6,20.2,12.9,0.8,0.7,0.0,41.6
2026-05-15T00:30Z,2026-05-15T01:00Z,7.2,0.0,15.7,17.9,13.0,1.1,0.7,0.0,44.3
2026-05-15T01:00Z,2026-05-15T01:30Z,7.2,0.0,15.8,17.3,13.1,1.4,1.3,0.0,43.9
2026-05-15T01:30Z,2026-05-15T02:00Z,7.3,0.0,15.0,17.4,13.1,1.3,0.7,0.0,45.1
2026-05-15T02:00Z,2026-05-15T02:30Z,7.4,0.0,14.8,17.6,13.1,0.9,0.7,0.0,45.6
2026-05-15T02:30Z,2026-05-15T03:00Z,7.3,0.0,13.2,17.6,12.8,1.2,1.4,0.0,46.5
2026-05-15T03:00Z,2026-05-15T03:30Z,7.3,0.0,13.1,18.3,12.8,1.1,1.0,0.0,46.3
2026-05-15T03:30Z,2026-05-15T04:00Z,7.2,0.0,12.9,18.4,12.5,1.8,0.6,0.0,46.5
2026-05-15T04:00Z,2026-05-15T04:30Z,7.2,0.0,12.7,17.6,12.3,1.6,0.6,0.4,47.7
2026-05-15T04:30Z,2026-05-15T05:00Z,7.1,0.0,13.0,17.7,12.2,2.6,0.8,1.0,45.7
2026-05-15T05:00Z,2026-05-15T05:30Z,6.8,0.0,12.5,18.6,11.6,4.3,1.1,2.3,43.0
2026-05-15T05:30Z,2026-05-15T06:00Z,6.5,0.0,14.3,17.5,11.0,2.3,0.7,5.6,42.0
2026-05-15T06:00Z,2026-05-15T06:30Z,6.2,0.0,14.0,17.4,10.6,2.6,0.7,8.5,39.9
2026-05-15T06:30Z,2026-05-15T07:00Z,6.1,0.0,15.0,16.3,10.4,1.5,0.7,11.7,38.4
2026-05-15T07:00Z,2026-05-15T07:30Z,6.0,0.0,14.9,14.6,10.2,1.4,1.0,14.8,37.3
2026-05-15T07:30Z,2026-05-15T08:00Z,5.9,0.0,15.3,12.7,10.1,1.8,0.5,17.3,36.3
2026-05-15T08:00Z,2026-05-15T08:30Z,6.0,0.0,15.5,11.2,10.2,1.7,0.5,18.9,36.0
2026-05-15T08:30Z,2026-05-15T09:00Z,5.7,0.0,15.0,9.4,10.0,3.1,0.3,20.5,35.9
2026-05-15T09:00Z,2026-05-15T09:30Z,5.6,0.0,14.9,9.1,9.9,3.0,0.3,21.8,35.4
2026-05-15T09:30Z,2026-05-15T10:00Z,5.7,0.0,15.6,10.1,9.8,1.7,0.2,22.3,34.6
2026-05-15T10:00Z,2026-05-15T10:30Z,5.6,0.0,15.7,9.8,9.7,1.7,0.2,23.6,33.7
2026-05-15T10:30Z,2026-05-15T11:00Z,5.6,0.0,16.6,9.3,9.6,1.7,0.2,23.9,33.1
2026-05-15T11:00Z,2026-05-15T11:30Z,5.5,0.0,16.7,9.4,9.0,1.7,0.2,25.5,32.1
2026-05-15T11:30Z,2026-05-15T12:00Z,5.4,0.0,16.3,10.4,8.9,1.6,0.2,25.6,31.5
2026-05-15T12:00Z,2026-05-15T12:30Z,5.5,0.0,16.2,10.6,8.9,1.5,0.2,25.6,31.6
2026-05-15T12:30Z,2026-05-15T13:00Z,5.5,0.0,15.5,10.2,9.1,1.4,0.2,26.0,32.1
2026-05-15T13:00Z,2026-05-15T13:30Z,5.5,0.0,15.5,10.0,9.3,1.5,0.2,25.2,32.7
2026-05-15T13:30Z,2026-05-15T14:00Z,5.7,0.0,14.7,10.5,9.4,1.5,0.3,24.7,33.2
2026-05-15T14:00Z,2026-05-15T14:30Z,5.9,0.0,14.8,10.9,9.6,2.1,0.3,23.2,33.3
2026-05-15T14:30Z,2026-05-15T15:00Z,5.9,0.0,15.6,12.2,9.6,1.8,0.4,21.9,32.7
2026-05-15T15:00Z,2026-05-15T15:30Z,5.7,0.0,15.3,15.1,9.5,1.8,0.5,19.6,32.6
2026-05-15T15:30Z,2026-05-15T16:00Z,5.4,0.0,13.9,18.6,9.2,2.2,0.6,17.5,32.5
2026-05-15T16:00Z,2026-05-15T16:30Z,5.4,0.0,13.6,22.8,9.1,2.5,0.7,14.7,31.3
2026-05-15T16:30Z,2026-05-15T17:00Z,5.3,0.0,13.9,26.5,9.0,2.8,0.9,12.1,29.6
2026-05-15T17:00Z,2026-05-15T17:30Z,5.3,0.0,14.1,28.8,9.0,3.0,1.2,9.9,28.6
2026-05-15T17:30Z,2026-05-15T18:00Z,5.3,0.0,15.0,29.7,9.0,3.8,2.3,7.9,26.9
2026-05-15T18:00Z,2026-05-15T18:30Z,5.3,0.0,15.5,31.5,9.1,4.3,2.9,5.8,25.6
2026-05-15T18:30Z,2026-05-15T19:00Z,5.5,0.0,17.0,33.2,9.4,5.1,1.4,3.7,24.7
2026-05-15T19:00Z,2026-05-15T19:30Z,5.6,0.0,17.7,34.7,9.6,4.8,1.5,1.6,24.4
2026-05-15T19:30Z,2026-05-15T20:00Z,6.0,0.0,18.7,35.4,10.2,2.6,1.8,0.7,24.7
2026-05-15T20:00Z,2026-05-15T20:30Z,6.2,0.0,19.5,34.9,10.6,2.5,2.0,0.0,24.3
2026-05-15T20:30Z,2026-05-15T21:00Z,6.3,0.0,21.7,34.1,10.8,1.7,1.7,0.0,23.6
2026-05-15T21:00Z,2026-05-15T21:30Z,6.4,0.0,22.3,34.8,11.0,1.3,0.8,0.0,23.4
2026-05-15T21:30Z,2026-05-15T22:00Z,6.8,0.0,23.5,32.1,11.5,1.1,0.9,0.0,24.1
2026-05-15T22:00Z,2026-05-15T22:30Z,7.1,0.0,24.6,29.2,12.1,1.1,0.8,0.0,25.1
2026-05-15T22:30Z,2026-05-15T23:00Z,7.2,0.0,25.3,29.4,12.3,1.0,1.1,0.0,23.7
2026-05-15T23:00Z,2026-05-15T23:30Z,7.4,0.0,25.7,29.2,12.6,0.7,0.7,0.0,23.7
2026-05-15T23:30Z,2026-05-16T00:00Z,7.4,0.0,26.2,28.4,12.6,0.7,1.1,0.0,23.5
2026-05-16T00:00Z,2026-05-16T00:30Z,7.4,0.0,26.3,28.5,12.6,0.8,1.1,0.0,23.3
2026-05-16T00:30Z,2026-05-16T01:00Z,7.5,0.0,26.1,28.3,12.7,0.6,1.1,0.0,23.8
2026-05-16T01:00Z,2026-05-16T01:30Z,7.5,0.0,26.2,28.4,12.8,0.6,0.9,0.0,23.7
2026-05-16T01:30Z,2026-05-16T02:00Z,7.7,0.0,26.2,27.2,13.1,0.7,0.6,0.0,24.4
2026-05-16T02:00Z,2026-05-16T02:30Z,7.9,0.0,26.8,25.5,13.4,0.8,0.6,0.0,25.0
2026-05-16T02:30Z,2026-05-16T03:00Z,7.9,0.0,27.6,24.2,13.4,1.2,0.7,0.0,24.9
2026-05-16T03:00Z,2026-05-16T03:30Z,8.0,0.0,28.3,25.2,13.8,1.2,0.7,0.0,22.9
2026-05-16T03:30Z,2026-05-16T04:00Z,8.0,0.0,28.1,26.1,14.0,0.8,0.7,0.0,22.2
2026-05-16T04:00Z,2026-05-16T04:30Z,8.0,0.0,27.9,25.2,13.9,1.0,0.7,0.5,22.8
2026-05-16T04:30Z,2026-05-16T05:00Z,7.9,0.0,29.4,24.2,13.7,1.2,0.7,1.4,21.5
2026-05-16T05:00Z,2026-05-16T05:30Z,7.6,0.0,28.8,24.9,13.4,1.0,0.7,3.6,20.1
2026-05-16T05:30Z,2026-05-16T06:00Z,7.2,0.0,27.2,25.7,12.6,1.5,1.3,7.2,17.2
2026-05-16T06:00Z,2026-05-16T06:30Z,7.0,0.0,26.4,26.4,12.2,1.9,0.8,10.6,14.6
2026-05-16T06:30Z,2026-05-16T07:00Z,6.8,0.0,25.6,26.7,11.9,1.8,0.8,13.7,12.6
2026-05-16T07:00Z,2026-05-16T07:30Z,6.7,0.0,25.2,25.0,11.7,1.9,1.3,17.2,11.0
2026-05-16T07:30Z,2026-05-16T08:00Z,6.5,0.0,24.6,23.8,11.4,2.2,1.4,20.1,10.1
2026-05-16T08:00Z,2026-05-16T08:30Z,6.7,0.0,24.4,22.2,11.3,2.1,1.4,22.2,9.8
2026-05-16T08:30Z,2026-05-16T09:00Z,6.6,0.0,24.0,21.4,11.1,3.3,1.4,23.2,9.1
2026-05-16T09:00Z,2026-05-16T09:30Z,6.4,0.0,23.6,22.2,10.9,3.1,1.4,24.2,8.1
2026-05-16T09:30Z,2026-05-16T10:00Z,6.4,0.0,23.5,22.8,10.8,3.5,1.0,24.2,7.8
2026-05-16T10:00Z,2026-05-16T10:30Z,6.4,0.0,23.3,23.1,10.8,3.0,1.0,24.6,7.8
2026-05-16T10:30Z,2026-05-16T11:00Z,6.3,0.0,23.2,22.9,10.7,3.6,1.4,24.0,7.9
2026-05-16T11:00Z,2026-05-16T11:30Z,6.4,0.0,23.4,23.8,10.8,2.3,1.6,24.1,7.6
2026-05-16T11:30Z,2026-05-16T12:00Z,6.3,0.0,23.1,24.2,10.7,2.6,1.4,24.2,7.5
2026-05-16T12:00Z,2026-05-16T12:30Z,6.3,0.0,23.2,25.0,10.7,1.5,1.1,24.4,7.7
2026-05-16T12:30Z,2026-05-16T13:00Z,6.3,0.0,23.3,25.5,10.7,1.3,1.1,24.0,7.8
2026-05-16T13:00Z,2026-05-16T13:30Z,6.4,0.0,24.1,26.1,10.9,1.2,1.1,22.5,7.7
2026-05-16T13:30Z,2026-05-16T14:00Z,6.4,0.0,24.0,27.2,10.8,1.3,0.7,21.7,7.9
2026-05-16T14:00Z,2026-05-16T14:30Z,6.6,0.0,23.9,28.2,10.7,1.2,0.8,20.6,8.1
2026-05-16T14:30Z,2026-05-16T15:00Z,6.6,0.0,23.9,29.2,10.6,0.9,0.8,18.7,9.3
2026-05-16T15:00Z,2026-05-16T15:30Z,6.6,0.0,23.8,30.3,10.6,1.8,0.9,16.3,9.8
2026-05-16T15:30Z,2026-05-16T16:00Z,6.4,0.0,23.4,30.3,10.4,2.9,1.6,14.1,11.0
2026-05-16T16:00Z,2026-05-16T16:30Z,6.5,0.0,23.5,30.8,10.5,3.2,1.9,11.5,12.2
2026-05-16T16:30Z,2026-05-16T17:00Z,6.5,0.0,23.2,31.1,10.4,3.6,2.0,9.2,14.1
2026-05-16T17:00Z,2026-05-16T17:30Z,6.5,0.0,23.3,31.2,10.5,3.3,2.1,7.1,16.1
2026-05-16T17:30Z,2026-05-16T18:00Z,6.7,0.0,22.1,32.1,10.7,3.4,2.2,5.8,16.9
2026-05-16T18:00Z,2026-05-16T18:30Z,6.8,0.0,22.5,32.2,10.9,2.8,2.2,4.3,18.2
2026-05-16T18:30Z,2026-05-16T19:00Z,7.0,0.0,22.4,32.5,11.4,1.7,2.4,2.3,20.3
2026-05-16T19:00Z,2026-05-16T19:30Z,7.1,0.0,22.6,31.1,11.5,2.1,2.4,1.1,22.1
2026-05-16T19:30Z,2026-05-16T20:00Z,7.1,0.0,23.4,30.5,11.4,2.3,2.4,0.5,22.4
2026-05-16T20:00Z,2026-05-16T20:30Z,7.2,0.0,23.9,30.4,11.7,1.2,1.9,0.0,23.7
2026-05-16T20:30Z,2026-05-16T21:00Z,7.4,0.0,22.9,29.9,12.0,0.8,1.5,0.0,25.5
2026-05-16T21:00Z,2026-05-16T21:30Z,7.9,0.0,24.4,25.4,12.8,1.4,1.4,0.0,26.6
2026-05-16T21:30Z,2026-05-16T22:00Z,8.4,0.0,27.3,20.7,13.4,1.5,1.5,0.0,27.2
2026-05-16T22:00Z,2026-05-16T22:30Z,8.5,0.0,28.2,16.9,13.8,2.6,2.0,0.0,28.0
2026-05-16T22:30Z,2026-05-16T23:00Z,8.6,0.0,28.7,16.2,13.9,2.2,1.5,0.0,28.9
2026-05-16T23:00Z,2026-05-16T23:30Z,8.6,0.0,28.6,16.5,13.9,1.2,1.5,0.0,29.8
2026-05-16T23:30Z,2026-05-17T00:00Z,8.6,0.0,27.8,15.6,13.9,1.1,1.3,0.0,31.7
2026-05-17T00:00Z,2026-05-17T00:30Z,8.6,0.0,27.8,14.3,13.9,0.9,1.2,0.0,33.2
2026-05-17T00:30Z,2026-05-17T01:00Z,8.9,0.0,26.0,13.9,14.3,1.1,1.3,0.0,34.5
2026-05-17T01:00Z,2026-05-17T01:30Z,9.0,0.0,26.1,13.6,14.5,1.0,1.2,0.0,34.6
2026-05-17T01:30Z,2026-05-17T02:00Z,9.2,0.0,25.3,14.0,14.8,0.9,0.9,0.0,34.8
2026-05-17T02:00Z,2026-05-17T02:30Z,9.4,0.0,25.6,14.1,15.1,0.9,0.9,0.0,33.9
2026-05-17T02:30Z,2026-05-17T03:00Z,9.3,0.0,26.6,14.3,14.9,1.5,1.0,0.0,32.3
2026-05-17T03:00Z,2026-05-17T03:30Z,9.5,0.0,26.9,15.0,15.2,0.7,1.0,0.0,31.6
2026-05-17T03:30Z,2026-05-17T04:00Z,9.5,0.0,27.1,15.1,15.2,2.3,1.1,0.0,29.7
2026-05-17T04:00Z,2026-05-17T04:30Z,9.3,0.0,26.9,14.8,15.1,1.4,1.1,0.5,31.0
2026-05-17T04:30Z,2026-05-17T05:00Z,9.5,0.0,25.4,14.9,15.2,1.7,1.0,1.4,30.9
2026-05-17T05:00Z,2026-05-17T05:30Z,9.4,0.0,25.6,14.8,15.0,1.2,1.0,3.3,29.7
2026-05-17T05:30Z,2026-05-17T06:00Z,7.9,0.0,25.8,13.4,14.2,3.2,0.9,7.8,26.9
2026-05-17T06:00Z,2026-05-17T06:30Z,6.9,0.0,25.8,13.2,14.0,1.4,0.8,11.5,26.3
2026-05-17T06:30Z,2026-05-17T07:00Z,6.4,0.0,25.8,12.3,13.0,1.6,0.5,14.5,25.9
2026-05-17T07:00Z,2026-05-17T07:30Z,6.2,0.0,25.0,12.2,12.6,1.4,0.4,17.3,24.8
2026-05-17T07:30Z,2026-05-17T08:00Z,6.0,0.0,25.1,10.1,12.1,2.8,0.4,19.7,23.7
2026-05-17T08:00Z,2026-05-17T08:30Z,5.9,0.0,24.8,8.9,11.9,2.6,0.4,22.6,22.9
2026-05-17T08:30Z,2026-05-17T09:00Z,5.7,0.0,25.0,8.7,11.5,2.9,0.4,23.9,21.9
2026-05-17T09:00Z,2026-05-17T09:30Z,5.6,0.0,24.3,8.3,11.2,3.2,0.4,25.4,21.7
2026-05-17T09:30Z,2026-05-17T10:00Z,5.5,0.0,24.2,8.2,11.1,1.9,0.3,26.8,21.9
2026-05-17T10:00Z,2026-05-17T10:30Z,5.4,0.0,23.9,8.1,11.0,1.7,0.4,28.1,21.4
2026-05-17T10:30Z,2026-05-17T11:00Z,5.4,0.0,23.6,8.0,10.9,1.5,0.4,28.5,21.7
2026-05-17T11:00Z,2026-05-17T11:30Z,5.4,0.0,23.7,7.9,10.9,1.5,0.4,28.3,22.1
2026-05-17T11:30Z,2026-05-17T12:00Z,4.3,0.0,23.7,8.0,10.9,1.9,0.3,29.3,21.7
2026-05-17T12:00Z,2026-05-17T12:30Z,3.5,0.0,24.2,8.4,11.1,2.3,0.3,29.9,20.3
2026-05-17T12:30Z,2026-05-17T13:00Z,3.5,0.0,24.1,8.4,11.1,1.9,0.3,30.1,20.7
2026-05-17T13:00Z,2026-05-17T13:30Z,3.5,0.0,24.3,8.6,11.2,1.8,0.3,29.1,21.3
2026-05-17T13:30Z,2026-05-17T14:00Z,3.5,0.0,24.1,8.7,11.1,3.1,0.3,27.8,21.5
2026-05-17T14:00Z,2026-05-17T14:30Z,3.7,0.0,23.9,10.6,11.0,2.3,0.3,26.7,21.5
2026-05-17T14:30Z,2026-05-17T15:00Z,5.7,0.0,21.4,13.8,10.8,1.6,0.5,24.7,21.4
2026-05-17T15:00Z,2026-05-17T15:30Z,6.4,0.0,20.7,16.9,10.4,1.6,1.1,21.3,21.6
2026-05-17T15:30Z,2026-05-17T16:00Z,6.2,0.0,20.0,21.6,10.0,2.6,0.9,18.3,20.4
2026-05-17T16:00Z,2026-05-17T16:30Z,6.2,0.0,19.9,26.6,9.9,1.6,1.8,15.5,18.6
2026-05-17T16:30Z,2026-05-17T17:00Z,6.1,0.0,18.4,30.0,9.8,3.0,3.2,12.4,17.1
2026-05-17T17:00Z,2026-05-17T17:30Z,6.1,0.0,18.3,34.6,9.8,2.1,3.6,9.4,16.2
2026-05-17T17:30Z,2026-05-17T18:00Z,6.1,0.0,16.9,36.5,9.8,2.8,4.3,7.6,16.0
2026-05-17T18:00Z,2026-05-17T18:30Z,6.2,0.0,16.9,37.0,9.9,3.4,4.6,5.7,16.4
2026-05-17T18:30Z,2026-05-17T19:00Z,6.4,0.0,17.8,38.1,10.3,3.1,4.9,3.5,15.9
2026-05-17T19:00Z,2026-05-17T19:30Z,6.7,0.0,18.6,39.0,10.7,3.7,5.0,1.6,14.8
2026-05-17T19:30Z,2026-05-17T20:00Z,6.7,0.0,20.8,39.8,10.8,3.8,4.7,0.7,12.8
2026-05-17T20:00Z,2026-05-17T20:30Z,6.9,0.0,21.5,41.2,11.1,2.4,4.1,0.0,12.7
2026-05-17T20:30Z,2026-05-17T21:00Z,7.1,0.0,20.9,41.2,11.3,2.7,4.2,0.0,12.6
2026-05-17T21:00Z,2026-05-17T21:30Z,7.3,0.0,21.6,41.5,11.8,2.2,3.1,0.0,12.6
2026-05-17T21:30Z,2026-05-17T22:00Z,7.8,0.0,22.0,41.0,12.4,1.9,2.1,0.0,12.7
2026-05-17T22:00Z,2026-05-17T22:30Z,8.0,0.0,22.5,40.9,12.7,2.8,1.3,0.0,11.8
2026-05-17T22:30Z,2026-05-17T23:00Z,8.2,0.0,22.9,41.7,13.0,2.0,1.0,0.0,11.1
2026-05-17T23:00Z,2026-05-17T23:30Z,8.2,0.0,23.1,41.9,13.1,1.3,1.0,0.0,11.4
2026-05-17T23:30Z,2026-05-18T00:00Z,8.2,0.0,24.5,41.0,13.0,0.9,0.9,0.0,11.5
2026-05-18T00:00Z,2026-05-18T00:30Z,8.1,0.0,24.6,41.8,13.0,1.5,0.7,0.0,10.3
2026-05-18T00:30Z,2026-05-18T01:00Z,8.2,0.0,24.4,42.5,13.1,1.0,1.1,0.0,9.8
2026-05-18T01:00Z,2026-05-18T01:30Z,8.1,0.0,24.3,41.6,13.2,1.2,1.7,0.0,9.9
2026-05-18T01:30Z,2026-05-18T02:00Z,8.3,0.0,21.8,43.1,13.4,1.4,1.7,0.0,10.4
2026-05-18T02:00Z,2026-05-18T02:30Z,8.3,0.0,21.9,44.3,13.5,0.7,1.1,0.0,10.1
2026-05-18T02:30Z,2026-05-18T03:00Z,8.4,0.0,21.1,45.3,13.6,0.9,0.8,0.0,10.0
2026-05-18T03:00Z,2026-05-18T03:30Z,8.4,0.0,21.0,46.3,13.5,0.9,0.4,0.0,9.4
2026-05-18T03:30Z,2026-05-18T04:00Z,8.2,0.0,18.7,49.0,13.3,1.8,0.4,0.0,8.6
2026-05-18T04:00Z,2026-05-18T04:30Z,8.1,0.0,18.3,50.7,13.1,1.2,0.4,0.4,7.8
2026-05-18T04:30Z,2026-05-18T05:00Z,7.7,0.0,17.8,51.5,12.4,1.8,1.2,1.0,6.7
2026-05-18T05:00Z,2026-05-18T05:30Z,7.3,0.0,16.9,50.1,11.6,3.4,3.0,1.8,5.9
2026-05-18T05:30Z,2026-05-18T06:00Z,6.6,0.0,20.1,46.2,10.5,3.5,4.2,3.8,5.3
2026-05-18T06:00Z,2026-05-18T06:30Z,6.3,0.0,19.9,44.9,10.2,3.3,4.7,5.6,5.1
2026-05-18T06:30Z,2026-05-18T07:00Z,6.2,0.0,21.7,43.1,10.0,3.0,3.8,7.5,4.7
2026-05-18T07:00Z,2026-05-18T07:30Z,6.1,0.0,21.2,41.4,9.7,3.3,3.8,9.9,4.6
2026-05-18T07:30Z,2026-05-18T08:00Z,6.0,0.0,21.0,40.3,9.6,3.5,2.3,12.1,5.2
2026-05-18T08:00Z,2026-05-18T08:30Z,5.9,0.0,20.8,39.2,9.5,2.9,1.5,14.3,5.8
2026-05-18T08:30Z,2026-05-18T09:00Z,5.8,0.0,20.3,38.2,9.3,3.1,1.4,15.4,6.4
2026-05-18T09:00Z,2026-05-18T09:30Z,5.7,0.0,19.7,37.6,9.1,3.6,1.3,16.4,6.6
2026-05-18T09:30Z,2026-05-18T10:00Z,5.7,0.0,19.7,37.1,9.1,3.1,1.1,17.2,7.1
2026-05-18T10:00Z,2026-05-18T10:30Z,5.6,0.0,19.7,36.5,9.1,1.6,1.4,18.0,8.2
2026-05-18T10:30Z,2026-05-18T11:00Z,5.6,0.0,19.5,35.3,9.0,1.8,0.8,18.3,9.7
2026-05-18T11:00Z,2026-05-18T11:30Z,5.5,0.0,19.1,34.2,8.9,1.3,0.7,19.5,10.8
2026-05-18T11:30Z,2026-05-18T12:00Z,5.5,0.0,19.2,33.1,8.9,1.4,0.3,20.1,11.5
2026-05-18T12:00Z,2026-05-18T12:30Z,5.6,0.0,19.6,32.0,9.2,0.9,0.3,19.6,12.7
2026-05-18T12:30Z,2026-05-18T13:00Z,5.6,0.0,19.4,31.2,9.2,1.1,0.3,20.0,13.1
2026-05-18T13:00Z,2026-05-18T13:30Z,5.5,0.0,18.9,31.3,9.1,1.1,0.3,20.1,13.8
2026-05-18T13:30Z,2026-05-18T14:00Z,5.6,0.0,18.0,29.6,9.2,1.2,0.5,20.0,15.9
2026-05-18T14:00Z,2026-05-18T14:30Z,5.6,0.0,17.6,30.0,9.1,0.9,0.3,19.1,17.4
2026-05-18T14:30Z,2026-05-18T15:00Z,5.7,0.0,15.2,31.7,9.2,1.7,1.0,18.2,17.2
2026-05-18T15:00Z,2026-05-18T15:30Z,5.6,0.0,14.9,34.0,9.2,1.6,0.3,15.8,18.5
2026-05-18T15:30Z,2026-05-18T16:00Z,5.5,0.0,13.2,36.3,9.1,2.5,0.5,14.2,18.7
2026-05-18T16:00Z,2026-05-18T16:30Z,5.5,0.0,13.0,36.7,9.0,3.9,0.6,11.7,19.5
2026-05-18T16:30Z,2026-05-18T17:00Z,5.4,0.0,12.5,36.5,8.9,4.4,2.4,9.4,20.5
2026-05-18T17:00Z,2026-05-18T17:30Z,5.5,0.0,12.6,37.0,9.0,3.6,2.6,7.3,22.5
2026-05-18T17:30Z,2026-05-18T18:00Z,5.5,0.0,11.7,36.3,8.9,5.1,2.9,5.7,23.9
2026-05-18T18:00Z,2026-05-18T18:30Z,5.7,0.0,12.0,36.2,9.2,4.6,2.7,4.2,25.5
2026-05-18T18:30Z,2026-05-18T19:00Z,5.9,0.0,11.2,37.9,9.6,3.7,2.0,2.4,27.2
2026-05-18T19:00Z,2026-05-18T19:30Z,6.0,0.0,11.4,38.5,9.7,2.9,2.3,1.1,28.0
2026-05-18T19:30Z,2026-05-18T20:00Z,6.2,0.0,10.7,39.6,9.9,2.4,1.5,0.5,29.3
2026-05-18T20:00Z,2026-05-18T20:30Z,6.3,0.0,10.9,39.0,10.2,1.4,1.0,0.0,31.2
2026-05-18T20:30Z,2026-05-18T21:00Z,6.7,0.0,11.4,34.6,10.8,0.5,0.9,0.0,35.1
2026-05-18T21:00Z,2026-05-18T21:30Z,7.0,0.0,11.9,28.5,11.3,0.5,0.9,0.0,39.9
2026-05-18T21:30Z,2026-05-18T22:00Z,7.4,0.0,12.9,21.0,11.9,1.0,0.9,0.0,44.9
2026-05-18T22:00Z,2026-05-18T22:30Z,7.6,0.0,13.1,16.3,12.1,1.4,0.8,0.0,48.7
2026-05-18T22:30Z,2026-05-18T23:00Z,7.6,0.0,13.1,14.0,12.1,1.2,0.7,0.0,51.4
2026-05-18T23:00Z,2026-05-18T23:30Z,7.6,0.0,13.1,12.3,12.1,0.8,0.7,0.0,53.4
2026-05-18T23:30Z,2026-05-19T00:00Z,7.5,0.0,13.1,11.1,12.1,0.7,0.6,0.0,54.9
2026-05-19T00:00Z,2026-05-19T00:30Z,7.4,0.0,12.8,10.5,11.8,1.3,0.6,0.0,55.6
2026-05-19T00:30Z,2026-05-19T01:00Z,7.3,0.0,12.6,9.9,11.6,1.3,0.6,0.0,56.7
2026-05-19T01:00Z,2026-05-19T01:30Z,6.2,0.0,12.5,9.3,11.6,1.1,0.6,0.0,58.8
2026-05-19T01:30Z,2026-05-19T02:00Z,4.7,0.0,12.5,9.3,11.5,1.8,0.4,0.0,59.9
2026-05-19T02:00Z,2026-05-19T02:30Z,3.8,0.0,12.3,9.1,11.4,2.1,0.4,0.0,61.0
2026-05-19T02:30Z,2026-05-19T03:00Z,3.6,0.0,12.0,9.0,11.2,1.6,0.4,0.0,62.3
2026-05-19T03:00Z,2026-05-19T03:30Z,3.5,0.0,11.8,9.0,11.1,1.7,0.3,0.0,62.5
2026-05-19T03:30Z,2026-05-19T04:00Z,5.1,0.0,8.6,9.6,11.3,1.3,0.3,0.0,63.9
2026-05-19T04:00Z,2026-05-19T04:30Z,6.6,0.0,8.3,10.0,11.1,1.2,0.3,0.2,62.3
2026-05-19T04:30Z,2026-05-19T05:00Z,6.0,0.0,9.1,11.8,10.7,2.0,0.3,0.4,59.7
2026-05-19T05:00Z,2026-05-19T05:30Z,6.1,0.0,8.7,12.9,10.1,3.9,0.6,0.9,56.8
2026-05-19T05:30Z,2026-05-19T06:00Z,5.9,0.0,10.4,12.1,9.7,3.5,1.9,2.0,54.6
2026-05-19T06:00Z,2026-05-19T06:30Z,5.7,0.0,10.2,12.4,9.4,4.0,2.0,2.8,53.4
2026-05-19T06:30Z,2026-05-19T07:00Z,5.6,0.0,14.4,11.2,9.2,1.9,1.4,3.9,52.6
2026-05-19T07:00Z,2026-05-19T07:30Z,5.6,0.0,14.8,9.7,9.1,1.7,1.3,5.8,51.9
2026-05-19T07:30Z,2026-05-19T08:00Z,5.3,0.0,15.2,8.7,8.9,1.8,1.6,7.9,50.6
2026-05-19T08:00Z,2026-05-19T08:30Z,4.6,0.0,15.1,8.8,8.8,1.6,1.8,9.7,49.7
2026-05-19T08:30Z,2026-05-19T09:00Z,3.8,0.0,15.0,8.5,8.8,1.5,1.4,11.5,49.5
2026-05-19T09:00Z,2026-05-19T09:30Z,3.6,0.0,14.8,7.9,8.7,1.2,0.9,13.1,49.8
2026-05-19T09:30Z,2026-05-19T10:00Z,3.6,0.0,14.5,7.4,8.5,1.4,0.9,14.3,49.3
2026-05-19T10:00Z,2026-05-19T10:30Z,3.6,0.0,14.5,8.1,8.5,1.1,0.3,14.8,49.0
2026-05-19T10:30Z,2026-05-19T11:00Z,3.5,0.0,14.2,8.2,8.3,1.1,0.3,16.0,48.4
2026-05-19T11:00Z,2026-05-19T11:30Z,3.5,0.0,14.1,6.6,8.2,1.3,0.3,16.9,49.2
2026-05-19T11:30Z,2026-05-19T12:00Z,3.5,0.0,14.0,6.5,8.2,1.3,0.3,17.7,48.7
2026-05-19T12:00Z,2026-05-19T12:30Z,3.5,0.0,13.9,6.4,8.2,1.2,0.3,17.5,48.9
2026-05-19T12:30Z,2026-05-19T13:00Z,3.9,0.0,12.8,6.6,8.2,1.1,0.3,17.9,49.2
2026-05-19T13:00Z,2026-05-19T13:30Z,4.1,0.0,12.6,6.9,8.2,1.1,0.3,17.5,49.4
2026-05-19T13:30Z,2026-05-19T14:00Z,4.2,0.0,11.5,7.3,8.3,0.9,0.3,17.5,50.1
2026-05-19T14:00Z,2026-05-19T14:30Z,4.2,0.0,11.7,7.3,8.4,1.6,0.3,16.2,50.3
2026-05-19T14:30Z,2026-05-19T15:00Z,4.5,0.0,10.5,9.0,8.5,1.6,0.3,15.8,49.9
2026-05-19T15:00Z,2026-05-19T15:30Z,5.4,0.0,10.5,9.5,8.5,1.4,0.3,14.3,50.2
2026-05-19T15:30Z,2026-05-19T16:00Z,5.8,0.0,10.4,11.2,8.3,2.3,0.3,12.7,49.0
2026-05-19T16:00Z,2026-05-19T16:30Z,5.7,0.0,10.4,12.8,8.2,3.7,0.4,10.4,48.5
2026-05-19T16:30Z,2026-05-19T17:00Z,5.8,0.0,11.7,13.8,8.4,2.3,0.8,8.8,48.4
2026-05-19T17:00Z,2026-05-19T17:30Z,6.0,0.0,12.1,14.2,8.3,3.2,0.9,7.2,48.2
2026-05-19T17:30Z,2026-05-19T18:00Z,6.0,0.0,11.9,14.0,8.7,4.9,1.7,5.7,47.1
2026-05-19T18:00Z,2026-05-19T18:30Z,6.1,0.0,12.2,14.3,8.9,5.0,2.2,4.3,47.0
2026-05-19T18:30Z,2026-05-19T19:00Z,6.3,0.0,12.5,15.0,9.2,4.8,2.2,2.6,47.3
2026-05-19T19:00Z,2026-05-19T19:30Z,6.5,0.0,12.8,16.4,9.4,3.5,2.6,1.1,47.7
2026-05-19T19:30Z,2026-05-19T20:00Z,6.8,0.0,13.7,16.6,9.7,1.0,3.1,0.5,48.7
2026-05-19T20:00Z,2026-05-19T20:30Z,7.3,0.0,14.2,14.5,10.1,1.0,2.9,0.0,50.0
2026-05-19T20:30Z,2026-05-19T21:00Z,7.6,0.0,12.7,13.6,10.5,1.9,2.3,0.0,51.4
2026-05-19T21:00Z,2026-05-19T21:30Z,7.9,0.0,13.1,12.6,10.8,1.0,1.6,0.0,53.1
2026-05-19T21:30Z,2026-05-19T22:00Z,8.0,0.0,13.4,11.4,11.1,1.1,1.5,0.0,53.4
2026-05-19T22:00Z,2026-05-19T22:30Z,8.1,0.0,13.6,10.4,11.2,0.5,1.5,0.0,54.7
2026-05-19T22:30Z,2026-05-19T23:00Z,8.1,0.0,14.8,9.6,11.0,0.5,1.0,0.0,55.0
2026-05-19T23:00Z,2026-05-19T23:30Z,8.3,0.0,15.1,9.2,11.2,0.6,1.0,0.0,54.7
2026-05-19T23:30Z,2026-05-20T00:00Z,8.3,0.0,14.4,9.3,11.3,0.5,0.9,0.0,55.3
2026-05-20T00:00Z,2026-05-20T00:30Z,7.7,0.0,14.4,9.3,11.3,0.5,0.9,0.0,56.0
2026-05-20T00:30Z,2026-05-20T01:00Z,7.3,0.0,13.7,9.7,11.4,0.5,0.8,0.0,56.6
2026-05-20T01:00Z,2026-05-20T01:30Z,7.3,0.0,13.8,9.7,11.5,0.8,0.8,0.0,56.0
2026-05-20T01:30Z,2026-05-20T02:00Z,7.3,0.0,14.7,9.1,11.5,0.6,0.8,0.0,55.8
2026-05-20T02:00Z,2026-05-20T02:30Z,7.2,0.0,14.8,8.7,11.6,0.6,0.9,0.0,56.2
2026-05-20T02:30Z,2026-05-20T03:00Z,6.7,0.0,12.3,9.2,12.2,0.7,0.9,0.0,58.0
2026-05-20T03:00Z,2026-05-20T03:30Z,5.3,0.0,12.5,9.4,12.5,0.7,0.9,0.0,58.7
2026-05-20T03:30Z,2026-05-20T04:00Z,5.1,0.0,12.8,9.5,12.5,1.4,0.8,0.0,57.8
2026-05-20T04:00Z,2026-05-20T04:30Z,7.1,0.0,12.6,9.7,12.3,1.7,0.9,0.3,55.4
2026-05-20T04:30Z,2026-05-20T05:00Z,6.8,0.0,13.9,9.6,12.0,1.1,0.9,0.8,54.9
2026-05-20T05:00Z,2026-05-20T05:30Z,6.3,0.0,13.7,9.4,11.1,4.5,2.1,1.9,51.0
2026-05-20T05:30Z,2026-05-20T06:00Z,6.9,0.0,19.2,7.6,9.8,4.5,2.4,4.0,45.6
2026-05-20T06:00Z,2026-05-20T06:30Z,7.1,0.0,19.4,6.0,8.9,7.0,2.3,5.7,43.6
2026-05-20T06:30Z,2026-05-20T07:00Z,6.9,0.0,19.6,5.7,8.0,6.9,2.3,7.4,43.2
2026-05-20T07:00Z,2026-05-20T07:30Z,6.6,0.0,19.5,5.7,7.8,5.5,2.2,9.6,43.1
2026-05-20T07:30Z,2026-05-20T08:00Z,6.1,0.0,19.8,5.5,7.5,4.8,1.9,12.0,42.4
2026-05-20T08:00Z,2026-05-20T08:30Z,6.4,0.0,19.7,5.3,7.5,3.2,1.3,14.5,42.1
2026-05-20T08:30Z,2026-05-20T09:00Z,6.0,0.1,18.7,5.6,6.0,3.6,0.7,17.2,42.1
2026-05-20T09:00Z,2026-05-20T09:30Z,6.2,0.0,18.1,5.4,7.5,2.2,0.8,18.4,41.4
2026-05-20T09:30Z,2026-05-20T10:00Z,5.2,0.0,19.3,5.7,7.5,1.6,0.3,19.3,41.2
2026-05-20T10:00Z,2026-05-20T10:30Z,5.0,0.0,18.9,6.1,7.4,1.3,0.3,19.6,41.4
2026-05-20T10:30Z,2026-05-20T11:00Z,5.2,0.0,17.7,6.3,7.3,1.3,0.3,19.1,42.9
2026-05-20T11:00Z,2026-05-20T11:30Z,5.2,0.0,17.2,6.4,7.2,1.3,0.3,18.8,43.6
2026-05-20T11:30Z,2026-05-20T12:00Z,5.2,0.0,16.4,6.7,7.3,1.8,0.3,19.0,43.4
2026-05-20T12:00Z,2026-05-20T12:30Z,5.3,0.0,16.4,6.8,7.4,1.3,0.3,19.0,43.5
2026-05-20T12:30Z,2026-05-20T13:00Z,5.5,0.0,13.7,6.9,7.9,0.0,0.0,20.0,45.9
2026-05-20T13:00Z,2026-05-20T13:30Z,5.5,0.0,13.1,6.9,8.2,0.0,0.0,20.2,46.0
2026-05-20T13:30Z,2026-05-20T14:00Z,5.7,0.0,12.8,6.5,8.4,0.0,0.0,20.3,46.2
2026-05-20T14:00Z,2026-05-20T14:30Z,5.9,0.0,12.9,6.1,8.6,0.0,0.0,20.1,46.5
2026-05-20T14:30Z,2026-05-20T15:00Z,5.9,0.0,12.5,6.7,8.8,0.0,0.0,19.3,46.8
2026-05-20T15:00Z,2026-05-20T15:30Z,6.1,0.0,12.7,7.5,9.0,0.0,0.0,18.1,46.6
2026-05-20T15:30Z,2026-05-20T16:00Z,6.2,0.0,13.0,7.9,9.5,0.0,0.0,16.8,46.6
2026-05-20T16:00Z,2026-05-20T16:30Z,6.2,0.0,12.6,11.6,9.9,0.0,0.0,14.5,45.2
2026-05-20T16:30Z,2026-05-20T17:00Z,6.5,0.0,12.5,13.5,10.3,0.0,0.0,12.7,44.6
2026-05-20T17:00Z,2026-05-20T17:30Z,6.6,0.0,13.2,15.5,10.6,0.0,0.0,10.6,43.6
2026-05-20T17:30Z,2026-05-20T18:00Z,6.8,0.0,13.3,17.5,11.2,0.0,0.0,8.7,42.5
2026-05-20T18:00Z,2026-05-20T18:30Z,7.1,0.0,14.1,18.7,11.8,0.0,0.0,6.8,41.4
2026-05-20T18:30Z,2026-05-20T19:00Z,7.4,0.0,14.4,20.8,12.5,0.0,0.0,4.3,40.6
2026-05-20T19:00Z,2026-05-20T19:30Z,7.4,0.0,15.8,23.6,12.7,0.0,0.0,1.9,38.6
2026-05-20T19:30Z,2026-05-20T20:00Z,7.7,0.0,16.4,24.6,12.7,0.0,0.0,0.8,37.7
2026-05-20T20:00Z,2026-05-20T20:30Z,7.7,0.0,16.5,24.7,12.9,0.0,0.0,0.1,38.1
2026-05-20T20:30Z,2026-05-20T21:00Z,7.6,0.0,16.1,25.6,12.8,0.0,0.0,0.0,37.9
2026-05-20T21:00Z,2026-05-20T21:30Z,7.9,0.0,14.6,25.6,12.7,0.0,0.0,0.0,39.2
2026-05-20T21:30Z,2026-05-20T22:00Z,8.2,0.0,14.9,22.3,13.6,0.0,0.0,0.0,41.0
2026-05-20T22:00Z,2026-05-20T22:30Z,8.4,0.0,14.9,21.1,14.1,0.0,0.0,0.0,41.5
2026-05-20T22:30Z,2026-05-20T23:00Z,8.8,0.0,13.0,18.6,14.7,0.0,0.0,0.0,44.8
2026-05-20T23:00Z,2026-05-20T23:30Z,8.9,0.0,13.9,16.9,15.2,0.0,0.0,0.0,45.0
2026-05-20T23:30Z,2026-05-21T00:00Z,8.9,0.0,13.3,17.5,15.6,0.0,0.0,0.0,44.7
2026-05-21T00:00Z,2026-05-21T00:30Z,8.7,0.0,14.0,17.3,15.9,0.0,0.0,0.0,44.0
2026-05-21T00:30Z,2026-05-21T01:00Z,8.6,0.0,13.1,17.6,16.0,0.0,0.0,0.0,44.6
2026-05-21T01:00Z,2026-05-21T01:30Z,8.6,0.0,11.9,17.7,16.4,0.0,0.0,0.0,45.3
2026-05-21T01:30Z,2026-05-21T02:00Z,9.2,0.0,10.5,18.2,16.7,0.0,0.0,0.0,45.4
2026-05-21T02:00Z,2026-05-21T02:30Z,9.3,0.0,9.3,19.4,16.5,0.0,0.0,0.0,45.5
2026-05-21T02:30Z,2026-05-21T03:00Z,7.9,0.0,16.3,18.6,11.4,0.9,0.8,0.0,44.2
2026-05-21T03:00Z,2026-05-21T03:30Z,7.9,0.0,16.4,18.8,11.5,1.2,0.8,0.0,43.5
2026-05-21T03:30Z,2026-05-21T04:00Z,8.7,0.0,16.4,20.7,11.1,1.7,0.8,0.0,40.5
2026-05-21T04:00Z,2026-05-21T04:30Z,9.2,0.0,16.0,23.1,10.8,1.2,0.8,0.4,38.4
2026-05-21T04:30Z,2026-05-21T05:00Z,8.6,0.0,16.6,24.3,10.2,1.6,1.2,1.0,36.5
2026-05-21T05:00Z,2026-05-21T05:30Z,8.0,0.0,15.5,23.5,9.4,4.1,2.0,2.0,35.5
2026-05-21T05:30Z,2026-05-21T06:00Z,7.5,0.0,19.4,21.3,8.8,2.2,2.4,4.2,34.2
2026-05-21T06:00Z,2026-05-21T06:30Z,7.2,0.0,19.3,21.6,8.4,3.8,1.5,5.8,32.3
2026-05-21T06:30Z,2026-05-21T07:00Z,6.9,0.0,21.1,21.3,8.2,3.1,1.1,7.5,30.8
2026-05-21T07:00Z,2026-05-21T07:30Z,6.8,0.0,20.8,20.3,8.0,3.0,1.2,9.4,30.4
2026-05-21T07:30Z,2026-05-21T08:00Z,6.6,0.0,20.1,19.0,7.8,2.9,1.4,11.6,30.6
2026-05-21T08:00Z,2026-05-21T08:30Z,6.5,0.0,19.8,17.8,7.7,1.5,1.2,14.1,31.6
2026-05-21T08:30Z,2026-05-21T09:00Z,6.5,0.0,19.8,14.3,7.7,1.7,0.7,16.8,32.6
2026-05-21T09:00Z,2026-05-21T09:30Z,6.4,0.0,19.7,10.9,7.6,2.0,0.6,19.5,33.2
2026-05-21T09:30Z,2026-05-21T10:00Z,6.4,0.0,19.7,8.5,7.6,1.6,0.4,21.8,34.0
2026-05-21T10:00Z,2026-05-21T10:30Z,6.3,0.0,19.8,6.8,7.6,1.7,0.4,23.4,34.1
2026-05-21T10:30Z,2026-05-21T11:00Z,6.4,0.0,19.2,6.6,7.5,1.6,0.4,25.4,32.9
2026-05-21T11:00Z,2026-05-21T11:30Z,5.8,0.0,18.7,6.3,7.3,1.7,0.3,27.8,32.1
2026-05-21T11:30Z,2026-05-21T12:00Z,5.2,0.0,18.8,6.0,7.3,1.7,0.3,28.5,32.2
2026-05-21T12:00Z,2026-05-21T12:30Z,4.6,0.0,18.8,6.1,7.2,1.7,0.3,29.2,32.1
2026-05-21T12:30Z,2026-05-21T13:00Z,4.2,0.0,18.4,6.5,7.2,2.5,0.3,29.7,31.2
2026-05-21T13:00Z,2026-05-21T13:30Z,4.4,0.0,18.4,7.6,7.3,1.9,0.3,30.1,30.0
2026-05-21T13:30Z,2026-05-21T14:00Z,5.1,0.0,15.1,8.9,7.4,2.9,0.3,30.0,30.4
2026-05-21T14:00Z,2026-05-21T14:30Z,5.8,0.0,15.1,9.3,7.5,2.6,0.3,29.1,30.3
2026-05-21T14:30Z,2026-05-21T15:00Z,6.1,0.0,17.2,9.8,7.5,2.5,0.3,27.3,29.3
2026-05-21T15:00Z,2026-05-21T15:30Z,6.3,0.0,17.3,13.0,7.5,2.4,0.3,24.4,28.8
2026-05-21T15:30Z,2026-05-21T16:00Z,6.3,0.0,15.3,18.4,7.6,3.0,0.6,22.1,26.7
2026-05-21T16:00Z,2026-05-21T16:30Z,6.3,0.0,15.0,24.7,7.5,2.6,1.0,19.0,23.9
2026-05-21T16:30Z,2026-05-21T17:00Z,6.2,0.0,13.5,29.6,7.4,3.1,2.6,15.6,21.9
2026-05-21T17:00Z,2026-05-21T17:30Z,6.3,0.0,13.7,32.2,7.5,4.1,3.3,12.5,20.2
2026-05-21T17:30Z,2026-05-21T18:00Z,6.2,0.0,13.6,33.5,7.5,6.5,5.3,10.0,17.3
2026-05-21T18:00Z,2026-05-21T18:30Z,6.5,0.0,14.0,35.1,7.7,8.0,5.4,7.6,15.8
2026-05-21T18:30Z,2026-05-21T19:00Z,6.8,0.0,14.7,37.3,8.1,7.1,5.8,4.9,15.2
2026-05-21T19:00Z,2026-05-21T19:30Z,7.1,0.0,15.4,39.4,8.4,5.6,6.2,2.4,15.6
2026-05-21T19:30Z,2026-05-21T20:00Z,7.4,0.0,18.2,40.8,8.8,2.8,5.1,1.0,16.0
2026-05-21T20:00Z,2026-05-21T20:30Z,7.5,0.0,18.8,40.7,9.0,2.3,5.2,0.1,16.4
2026-05-21T20:30Z,2026-05-21T21:00Z,7.8,0.0,17.0,41.9,9.3,2.3,4.8,0.0,16.9
2026-05-21T21:00Z,2026-05-21T21:30Z,8.0,0.0,17.6,41.1,9.6,1.8,3.3,0.0,18.6
2026-05-21T21:30Z,2026-05-21T22:00Z,8.4,0.0,17.3,39.6,10.1,1.7,3.1,0.0,19.9
2026-05-21T22:00Z,2026-05-21T22:30Z,8.8,0.0,17.5,38.0,10.3,1.0,1.8,0.0,22.6
2026-05-21T22:30Z,2026-05-21T23:00Z,9.1,0.0,16.8,35.9,10.7,1.4,1.3,0.0,24.8
2026-05-21T23:00Z,2026-05-21T23:30Z,9.5,0.0,17.5,33.4,11.0,1.9,1.7,0.0,25.2
2026-05-21T23:30Z,2026-05-22T00:00Z,9.6,0.0,17.6,31.7,11.1,2.2,0.9,0.0,26.9
2026-05-22T00:00Z,2026-05-22T00:30Z,9.6,0.0,17.4,29.9,11.1,1.6,0.9,0.0,29.6
2026-05-22T00:30Z,2026-05-22T01:00Z,9.5,0.0,16.6,29.4,11.0,0.9,0.9,0.0,31.7
2026-05-22T01:00Z,2026-05-22T01:30Z,9.5,0.0,16.4,29.3,11.1,0.7,0.9,0.0,32.1
2026-05-22T01:30Z,2026-05-22T02:00Z,9.6,0.0,15.3,30.2,11.1,1.0,1.1,0.0,31.8
2026-05-22T02:00Z,2026-05-22T02:30Z,9.6,0.0,15.2,30.8,11.2,0.7,0.8,0.0,31.7
2026-05-22T02:30Z,2026-05-22T03:00Z,9.7,0.0,14.7,30.1,11.3,1.0,0.8,0.0,32.5
2026-05-22T03:00Z,2026-05-22T03:30Z,9.5,0.0,14.5,28.4,11.2,0.7,0.8,0.0,35.0
2026-05-22T03:30Z,2026-05-22T04:00Z,9.4,0.0,14.4,26.8,10.9,0.9,0.8,0.0,36.7
2026-05-22T04:00Z,2026-05-22T04:30Z,9.1,0.0,14.1,25.3,10.6,2.5,0.8,0.5,37.1
2026-05-22T04:30Z,2026-05-22T05:00Z,8.8,0.0,15.8,24.8,10.1,1.7,0.8,1.6,36.4
2026-05-22T05:00Z,2026-05-22T05:30Z,8.2,0.0,15.2,23.8,8.9,3.6,0.7,4.2,35.4
2026-05-22T05:30Z,2026-05-22T06:00Z,7.8,0.0,20.8,18.2,7.9,2.1,1.1,7.5,34.7
2026-05-22T06:00Z,2026-05-22T06:30Z,7.4,0.0,20.8,14.9,7.1,4.2,1.1,10.8,33.5
2026-05-22T06:30Z,2026-05-22T07:00Z,7.2,0.0,21.4,14.1,6.7,3.7,1.1,14.1,31.7
2026-05-22T07:00Z,2026-05-22T07:30Z,7.1,0.0,21.1,12.1,6.5,4.0,1.1,17.7,30.5
2026-05-22T07:30Z,2026-05-22T08:00Z,6.9,0.0,20.7,10.4,6.3,3.0,1.0,22.3,29.5
2026-05-22T08:00Z,2026-05-22T08:30Z,6.7,0.0,20.2,8.8,6.1,2.0,1.0,26.1,29.1
2026-05-22T08:30Z,2026-05-22T09:00Z,5.7,0.0,19.9,7.3,6.0,2.7,0.7,29.2,28.5
2026-05-22T09:00Z,2026-05-22T09:30Z,2.8,0.0,19.7,8.3,6.0,3.0,0.6,31.9,27.8
2026-05-22T09:30Z,2026-05-22T10:00Z,1.1,0.0,19.4,8.5,5.9,2.8,0.3,34.2,27.7
2026-05-22T10:00Z,2026-05-22T10:30Z,1.1,0.0,19.4,7.0,5.9,2.4,0.3,35.7,28.2
2026-05-22T10:30Z,2026-05-22T11:00Z,1.1,0.0,19.3,6.9,5.9,2.1,0.3,36.7,27.6
2026-05-22T11:00Z,2026-05-22T11:30Z,1.1,0.0,19.3,6.9,5.9,1.9,0.3,37.3,27.4
2026-05-22T11:30Z,2026-05-22T12:00Z,1.0,0.0,18.9,6.7,5.8,1.8,0.3,37.0,28.6
2026-05-22T12:00Z,2026-05-22T12:30Z,1.0,0.0,18.6,6.5,5.7,1.6,0.3,36.7,29.6
2026-05-22T12:30Z,2026-05-22T13:00Z,1.0,0.0,16.9,6.8,5.8,1.8,0.3,37.2,30.3
2026-05-22T13:00Z,2026-05-22T13:30Z,1.1,0.0,16.9,7.0,5.8,1.7,0.3,37.0,30.1
2026-05-22T13:30Z,2026-05-22T14:00Z,1.1,0.0,17.2,6.7,5.9,1.6,0.3,36.7,30.6
2026-05-22T14:00Z,2026-05-22T14:30Z,1.1,0.0,17.3,6.6,6.0,1.9,0.3,36.0,30.9
2026-05-22T14:30Z,2026-05-22T15:00Z,1.1,0.0,16.9,7.3,6.0,2.0,0.3,34.1,32.3
2026-05-22T15:00Z,2026-05-22T15:30Z,1.2,0.0,16.4,9.9,6.0,2.5,0.3,31.1,32.7
2026-05-22T15:30Z,2026-05-22T16:00Z,2.8,0.0,13.6,14.4,6.0,2.4,1.4,28.0,31.4
2026-05-22T16:00Z,2026-05-22T16:30Z,4.3,0.0,13.3,19.2,6.0,2.2,0.7,24.0,30.3
2026-05-22T16:30Z,2026-05-22T17:00Z,4.6,0.0,11.2,23.6,5.9,3.9,1.7,19.6,29.4
2026-05-22T17:00Z,2026-05-22T17:30Z,4.7,0.0,11.3,25.5,6.0,5.1,2.4,15.7,29.3
2026-05-22T17:30Z,2026-05-22T18:00Z,4.8,0.0,11.1,27.2,6.1,5.8,3.7,12.4,28.9
2026-05-22T18:00Z,2026-05-22T18:30Z,5.0,0.0,11.5,28.5,6.3,6.8,3.8,9.3,28.9
2026-05-22T18:30Z,2026-05-22T19:00Z,5.3,0.0,13.0,30.7,6.5,6.0,4.0,5.9,28.6
2026-05-22T19:00Z,2026-05-22T19:30Z,5.5,0.0,13.7,32.5,6.8,5.0,5.2,2.9,28.4
2026-05-22T19:30Z,2026-05-22T20:00Z,5.6,0.0,15.3,33.5,7.0,3.1,5.5,1.1,29.0
2026-05-22T20:00Z,2026-05-22T20:30Z,5.7,0.0,15.7,33.5,7.1,2.7,4.2,0.1,31.0
2026-05-22T20:30Z,2026-05-22T21:00Z,5.9,0.0,17.1,32.4,7.2,1.6,2.4,0.0,33.4
2026-05-22T21:00Z,2026-05-22T21:30Z,6.0,0.0,17.4,32.1,7.4,0.8,1.9,0.0,34.5
2026-05-22T21:30Z,2026-05-22T22:00Z,6.4,0.0,17.9,28.2,7.8,0.8,1.8,0.0,37.2
2026-05-22T22:00Z,2026-05-22T22:30Z,6.6,0.0,18.5,24.1,8.0,1.9,1.8,0.0,39.1
2026-05-22T22:30Z,2026-05-22T23:00Z,6.8,0.0,19.5,22.0,8.2,1.1,2.2,0.0,40.2
2026-05-22T23:00Z,2026-05-22T23:30Z,6.6,0.0,19.8,19.4,8.3,1.5,2.3,0.0,41.9
2026-05-22T23:30Z,2026-05-23T00:00Z,6.7,0.0,19.6,18.5,8.5,2.4,2.1,0.0,42.2
2026-05-23T00:00Z,2026-05-23T00:30Z,7.1,0.0,19.7,18.7,8.6,2.1,1.1,0.0,42.8
2026-05-23T00:30Z,2026-05-23T01:00Z,7.2,0.0,20.4,18.8,8.7,2.5,1.1,0.0,41.4
2026-05-23T01:00Z,2026-05-23T01:30Z,7.2,0.0,20.7,20.8,8.9,1.1,1.1,0.0,40.3
2026-05-23T01:30Z,2026-05-23T02:00Z,7.3,0.0,21.1,19.1,9.2,0.8,1.0,0.0,41.5
2026-05-23T02:00Z,2026-05-23T02:30Z,7.5,0.0,21.5,18.7,9.3,2.8,1.0,0.0,39.2
2026-05-23T02:30Z,2026-05-23T03:00Z,7.6,0.0,23.0,20.1,9.6,1.2,1.0,0.0,37.6
2026-05-23T03:00Z,2026-05-23T03:30Z,7.8,0.0,23.7,18.5,9.9,0.9,1.0,0.0,38.1
2026-05-23T03:30Z,2026-05-23T04:00Z,7.8,0.0,26.8,17.7,9.7,0.9,1.0,0.1,36.0
2026-05-23T04:00Z,2026-05-23T04:30Z,7.7,0.0,27.3,17.7,9.7,1.1,1.1,0.6,34.8
2026-05-23T04:30Z,2026-05-23T05:00Z,7.6,0.0,30.9,17.4,9.6,1.3,1.0,1.9,30.3
2026-05-23T05:00Z,2026-05-23T05:30Z,7.4,0.0,30.2,18.3,9.3,2.1,1.1,5.0,26.7
2026-05-23T05:30Z,2026-05-23T06:00Z,7.1,0.0,28.9,17.1,8.9,2.8,1.3,9.3,24.4
2026-05-23T06:00Z,2026-05-23T06:30Z,6.8,0.0,27.8,16.1,8.6,4.0,1.2,13.2,22.3
2026-05-23T06:30Z,2026-05-23T07:00Z,6.7,0.0,26.4,16.1,8.1,4.9,1.2,16.9,19.7
2026-05-23T07:00Z,2026-05-23T07:30Z,6.4,0.0,25.6,15.8,7.9,3.9,1.0,21.4,18.1
2026-05-23T07:30Z,2026-05-23T08:00Z,6.1,0.0,24.4,15.3,7.5,3.0,1.5,25.6,16.8
2026-05-23T08:00Z,2026-05-23T08:30Z,5.8,0.0,23.7,14.1,7.3,2.3,0.9,29.6,16.3
2026-05-23T08:30Z,2026-05-23T09:00Z,5.0,0.0,23.5,12.3,7.2,2.0,0.7,33.2,16.2
2026-05-23T09:00Z,2026-05-23T09:30Z,3.5,0.0,23.3,9.6,7.2,2.2,0.7,37.2,16.4
2026-05-23T09:30Z,2026-05-23T10:00Z,2.6,0.0,22.9,8.0,7.0,2.6,0.7,39.4,16.8
2026-05-23T10:00Z,2026-05-23T10:30Z,2.2,0.0,22.8,7.5,7.0,2.0,0.6,41.2,16.7
2026-05-23T10:30Z,2026-05-23T11:00Z,2.1,0.0,22.3,7.4,6.9,2.0,0.5,41.9,17.0
2026-05-23T11:00Z,2026-05-23T11:30Z,2.1,0.0,21.7,7.7,6.7,2.2,0.5,42.3,16.7
2026-05-23T11:30Z,2026-05-23T12:00Z,2.1,0.0,21.1,7.2,6.8,2.4,0.5,43.4,16.4
2026-05-23T12:00Z,2026-05-23T12:30Z,2.1,0.0,21.1,6.6,6.8,2.4,0.5,43.6,16.8
2026-05-23T12:30Z,2026-05-23T13:00Z,2.1,0.0,20.9,7.5,6.8,2.2,0.4,43.0,17.1
2026-05-23T13:00Z,2026-05-23T13:30Z,2.1,0.0,21.0,8.0,6.8,1.9,0.4,42.9,16.9
2026-05-23T13:30Z,2026-05-23T14:00Z,2.2,0.0,21.0,9.4,6.8,2.0,0.4,41.8,16.4
2026-05-23T14:00Z,2026-05-23T14:30Z,2.5,0.0,21.1,9.6,6.9,1.8,0.4,40.5,17.2
2026-05-23T14:30Z,2026-05-23T15:00Z,2.1,0.0,21.4,11.3,7.1,1.9,0.6,38.2,17.4
2026-05-23T15:00Z,2026-05-23T15:30Z,2.7,0.0,21.1,13.9,7.1,2.0,1.2,34.4,17.5
2026-05-23T15:30Z,2026-05-23T16:00Z,4.4,0.0,21.4,16.9,7.0,1.9,0.6,30.0,17.7
2026-05-23T16:00Z,2026-05-23T16:30Z,5.0,0.0,20.0,22.3,6.9,1.3,1.2,25.5,17.8
2026-05-23T16:30Z,2026-05-23T17:00Z,5.1,0.0,15.2,29.4,7.0,2.8,1.5,21.0,17.9
2026-05-23T17:00Z,2026-05-23T17:30Z,5.2,0.0,15.2,33.1,7.0,3.5,1.8,16.6,17.6
2026-05-23T17:30Z,2026-05-23T18:00Z,5.3,0.0,15.1,35.0,7.1,4.5,2.9,13.2,16.8
2026-05-23T18:00Z,2026-05-23T18:30Z,5.4,0.0,15.4,37.8,7.3,5.6,2.2,9.9,16.4
2026-05-23T18:30Z,2026-05-23T19:00Z,5.5,0.0,15.9,39.7,7.5,6.1,2.2,6.4,16.6
2026-05-23T19:00Z,2026-05-23T19:30Z,5.7,0.0,16.3,40.4,7.7,6.6,3.2,3.1,17.0
2026-05-23T19:30Z,2026-05-23T20:00Z,5.9,0.0,17.7,41.6,8.1,4.1,3.2,1.2,18.2
2026-05-23T20:00Z,2026-05-23T20:30Z,6.0,0.0,18.2,42.2,8.2,3.2,2.5,0.1,19.5
2026-05-23T20:30Z,2026-05-23T21:00Z,6.2,0.0,19.8,42.8,8.4,1.2,1.9,0.0,19.7
2026-05-23T21:00Z,2026-05-23T21:30Z,6.2,0.0,20.2,42.8,8.5,1.0,0.9,0.0,20.4
2026-05-23T21:30Z,2026-05-23T22:00Z,6.4,0.0,19.5,41.3,9.0,1.1,1.0,0.0,21.6
2026-05-23T22:00Z,2026-05-23T22:30Z,6.6,0.0,20.1,40.2,8.9,1.0,1.3,0.0,21.9
2026-05-23T22:30Z,2026-05-23T23:00Z,6.7,0.0,21.7,38.8,8.8,0.8,1.0,0.0,22.2
2026-05-23T23:00Z,2026-05-23T23:30Z,6.9,0.0,22.4,36.8,9.1,1.1,1.0,0.0,22.7
2026-05-23T23:30Z,2026-05-24T00:00Z,7.1,0.0,25.8,33.9,9.3,1.4,1.1,0.0,21.6
2026-05-24T00:00Z,2026-05-24T00:30Z,7.2,0.0,26.4,33.4,9.5,1.3,0.8,0.0,21.3
2026-05-24T00:30Z,2026-05-24T01:00Z,7.4,0.0,26.1,33.3,9.6,1.5,0.8,0.0,21.3
2026-05-24T01:00Z,2026-05-24T01:30Z,7.5,0.0,26.5,33.0,9.8,1.4,1.0,0.0,20.9
2026-05-24T01:30Z,2026-05-24T02:00Z,7.7,0.0,27.7,31.5,10.1,1.4,0.9,0.0,20.7
2026-05-24T02:00Z,2026-05-24T02:30Z,7.8,0.0,28.0,30.5,10.2,1.6,1.5,0.0,20.4
2026-05-24T02:30Z,2026-05-24T03:00Z,7.8,0.0,30.1,29.8,9.9,1.3,0.9,0.0,20.3
2026-05-24T03:00Z,2026-05-24T03:30Z,8.0,0.0,30.7,29.5,9.6,1.5,0.8,0.0,19.8
2026-05-24T03:30Z,2026-05-24T04:00Z,8.1,0.0,30.0,29.4,9.9,1.1,1.2,0.1,20.2
2026-05-24T04:00Z,2026-05-24T04:30Z,8.2,0.0,30.3,28.8,10.0,1.1,1.0,0.7,20.0
2026-05-24T04:30Z,2026-05-24T05:00Z,7.9,0.0,30.9,27.0,9.7,1.0,1.5,2.5,19.5
2026-05-24T05:00Z,2026-05-24T05:30Z,7.6,0.0,29.7,26.6,9.3,1.1,1.0,6.3,18.5
2026-05-24T05:30Z,2026-05-24T06:00Z,7.3,0.0,30.6,22.0,8.9,1.7,1.6,11.0,16.9
2026-05-24T06:00Z,2026-05-24T06:30Z,7.0,0.0,29.7,19.4,8.7,1.4,0.9,15.9,16.8
2026-05-24T06:30Z,2026-05-24T07:00Z,6.8,0.0,28.6,16.7,8.4,2.5,0.9,20.3,15.8
2026-05-24T07:00Z,2026-05-24T07:30Z,6.5,0.0,27.3,15.1,8.0,1.8,1.1,24.9,15.4
2026-05-24T07:30Z,2026-05-24T08:00Z,6.1,0.0,25.8,12.8,7.6,2.0,1.1,29.8,14.7
2026-05-24T08:00Z,2026-05-24T08:30Z,5.9,0.0,25.0,10.0,7.4,2.1,1.1,34.1,14.5
2026-05-24T08:30Z,2026-05-24T09:00Z,5.7,0.0,24.4,8.2,7.2,2.1,0.5,37.6,14.2
2026-05-24T09:00Z,2026-05-24T09:30Z,4.9,0.0,23.5,7.6,7.0,2.3,0.5,39.8,14.5
2026-05-24T09:30Z,2026-05-24T10:00Z,4.5,0.0,20.9,7.7,6.9,2.8,0.5,42.1,14.7
2026-05-24T10:00Z,2026-05-24T10:30Z,3.9,0.0,20.6,7.5,6.8,2.3,0.5,43.7,14.7
2026-05-24T10:30Z,2026-05-24T11:00Z,3.1,0.0,19.5,7.5,7.0,2.8,0.4,44.4,15.2
2026-05-24T11:00Z,2026-05-24T11:30Z,3.1,0.0,19.2,7.2,7.3,2.1,0.4,44.7,15.9
2026-05-24T11:30Z,2026-05-24T12:00Z,3.0,0.0,18.9,7.3,7.3,2.0,0.4,44.4,16.6
2026-05-24T12:00Z,2026-05-24T12:30Z,3.0,0.0,18.8,7.2,7.5,2.0,0.4,44.6,16.4
2026-05-24T12:30Z,2026-05-24T13:00Z,3.1,0.0,18.0,7.4,7.7,2.3,0.4,44.7,16.3
2026-05-24T13:00Z,2026-05-24T13:30Z,4.1,0.0,17.9,6.9,7.8,1.8,0.4,44.1,16.9
2026-05-24T13:30Z,2026-05-24T14:00Z,4.4,0.0,17.9,6.7,7.9,2.1,0.4,43.0,17.6
2026-05-24T14:00Z,2026-05-24T14:30Z,5.3,0.0,18.0,6.8,8.0,2.4,0.4,42.0,17.1
2026-05-24T14:30Z,2026-05-24T15:00Z,5.5,0.0,16.1,9.4,8.0,3.0,0.5,39.7,17.8
2026-05-24T15:00Z,2026-05-24T15:30Z,5.4,0.0,16.0,13.5,8.0,3.4,0.4,36.0,17.3
2026-05-24T15:30Z,2026-05-24T16:00Z,5.0,0.0,16.4,19.9,7.9,1.8,0.4,31.5,17.1
2026-05-24T16:00Z,2026-05-24T16:30Z,5.2,0.0,16.4,23.8,7.8,1.5,0.4,27.6,17.2
2026-05-24T16:30Z,2026-05-24T17:00Z,5.2,0.0,17.3,27.9,7.8,1.5,0.7,22.5,17.2
2026-05-24T17:00Z,2026-05-24T17:30Z,5.2,0.0,17.2,32.2,7.8,2.3,0.9,17.5,16.9
2026-05-24T17:30Z,2026-05-24T18:00Z,5.3,0.0,15.2,35.3,8.0,3.2,2.2,13.9,16.8
2026-05-24T18:00Z,2026-05-24T18:30Z,5.4,0.0,15.6,37.1,8.2,3.5,2.6,10.7,16.9
2026-05-24T18:30Z,2026-05-24T19:00Z,5.5,0.0,15.2,38.6,8.5,5.3,2.9,6.9,17.1
2026-05-24T19:00Z,2026-05-24T19:30Z,5.7,0.0,15.7,40.2,8.7,6.2,2.2,3.6,17.7
2026-05-24T19:30Z,2026-05-24T20:00Z,5.9,0.0,18.8,41.3,9.0,3.6,2.7,1.3,17.4
2026-05-24T20:00Z,2026-05-24T20:30Z,5.9,0.0,19.4,42.1,9.1,3.2,3.0,0.2,17.2
2026-05-24T20:30Z,2026-05-24T21:00Z,6.0,0.0,19.5,42.4,9.3,1.7,2.2,0.0,18.8
2026-05-24T21:00Z,2026-05-24T21:30Z,6.2,0.0,22.7,40.1,9.5,0.7,1.7,0.0,19.2
2026-05-24T21:30Z,2026-05-24T22:00Z,6.5,0.0,22.9,37.5,9.9,0.5,1.2,0.0,21.4
2026-05-24T22:00Z,2026-05-24T22:30Z,6.6,0.0,23.3,35.3,10.2,1.1,1.2,0.0,22.4
2026-05-24T22:30Z,2026-05-24T23:00Z,6.8,0.0,24.4,33.5,10.5,0.8,1.3,0.0,22.8
2026-05-24T23:00Z,2026-05-24T23:30Z,7.0,0.0,25.0,32.6,10.8,0.8,1.3,0.0,22.6
2026-05-24T23:30Z,2026-05-25T00:00Z,7.6,0.0,24.8,31.8,11.1,0.9,1.2,0.0,22.7
2026-05-25T00:00Z,2026-05-25T00:30Z,8.6,0.0,24.8,30.7,11.2,0.7,1.2,0.0,22.8
2026-05-25T00:30Z,2026-05-25T01:00Z,9.3,0.0,23.6,30.5,11.5,0.7,1.0,0.0,23.4
2026-05-25T01:00Z,2026-05-25T01:30Z,9.4,0.0,23.8,29.6,11.7,1.0,1.1,0.0,23.4
2026-05-25T01:30Z,2026-05-25T02:00Z,9.5,0.0,23.2,29.7,11.7,0.9,1.1,0.0,23.9
2026-05-25T02:00Z,2026-05-25T02:30Z,9.4,0.0,23.0,29.6,11.8,0.7,1.1,0.0,24.4
2026-05-25T02:30Z,2026-05-25T03:00Z,9.8,0.0,21.3,29.5,12.3,0.6,1.1,0.0,25.5
2026-05-25T03:00Z,2026-05-25T03:30Z,9.9,0.0,21.4,27.8,12.5,0.9,1.3,0.0,26.2
2026-05-25T03:30Z,2026-05-25T04:00Z,10.5,0.0,21.4,28.0,12.4,0.8,1.0,0.1,25.7
2026-05-25T04:00Z,2026-05-25T04:30Z,10.9,0.0,21.5,27.4,12.5,0.8,1.2,0.7,25.0
2026-05-25T04:30Z,2026-05-25T05:00Z,10.4,0.0,24.6,25.1,11.8,0.9,1.2,2.5,23.5
2026-05-25T05:00Z,2026-05-25T05:30Z,10.0,0.0,24.4,24.1,11.4,1.0,1.0,6.0,22.0
2026-05-25T05:30Z,2026-05-25T06:00Z,9.2,0.0,27.1,21.4,10.6,1.1,1.0,10.2,19.3
2026-05-25T06:00Z,2026-05-25T06:30Z,8.9,0.0,26.5,19.6,10.4,1.3,1.0,14.6,17.7
2026-05-25T06:30Z,2026-05-25T07:00Z,8.9,0.0,25.9,18.1,10.1,1.7,1.0,18.7,15.6
2026-05-25T07:00Z,2026-05-25T07:30Z,8.5,0.0,24.7,16.6,9.7,2.4,1.0,23.0,14.2
2026-05-25T07:30Z,2026-05-25T08:00Z,8.2,0.0,23.9,14.0,9.3,2.2,0.9,27.9,13.5
2026-05-25T08:00Z,2026-05-25T08:30Z,6.9,0.0,23.3,11.2,9.1,3.5,0.8,32.0,13.3
2026-05-25T08:30Z,2026-05-25T09:00Z,7.3,0.0,22.6,10.6,8.8,2.2,0.5,35.0,12.9
2026-05-25T09:00Z,2026-05-25T09:30Z,6.7,0.0,22.0,8.7,8.6,2.6,0.7,37.8,12.8
2026-05-25T09:30Z,2026-05-25T10:00Z,6.5,0.0,21.2,8.6,8.5,2.5,0.7,39.8,12.1
2026-05-25T10:00Z,2026-05-25T10:30Z,6.1,0.0,20.8,9.4,8.3,2.0,0.4,41.1,12.0
2026-05-25T10:30Z,2026-05-25T11:00Z,5.5,0.0,20.7,9.0,8.2,2.6,0.3,42.0,11.7
2026-05-25T11:00Z,2026-05-25T11:30Z,6.8,0.0,20.1,9.8,8.0,2.0,0.3,41.6,11.3
2026-05-25T11:30Z,2026-05-25T12:00Z,6.8,0.0,20.0,9.2,8.0,2.0,0.3,41.8,11.9
2026-05-25T12:00Z,2026-05-25T12:30Z,6.3,0.0,20.2,9.1,8.1,2.1,0.3,42.4,11.6
2026-05-25T12:30Z,2026-05-25T13:00Z,6.0,0.0,20.4,8.8,8.1,2.3,0.3,42.5,11.6
2026-05-25T13:00Z,2026-05-25T13:30Z,6.1,0.0,20.3,9.1,8.1,2.3,0.3,41.8,12.1
2026-05-25T13:30Z,2026-05-25T14:00Z,5.0,0.0,20.3,10.1,8.1,2.4,0.4,40.8,12.9
2026-05-25T14:00Z,2026-05-25T14:30Z,5.6,0.0,20.3,11.2,8.2,2.3,0.4,39.6,12.5
2026-05-25T14:30Z,2026-05-25T15:00Z,6.4,0.0,20.3,12.5,8.3,2.2,0.4,37.3,12.6
2026-05-25T15:00Z,2026-05-25T15:30Z,6.4,0.0,19.8,16.9,8.2,2.1,0.4,33.4,12.8
2026-05-25T15:30Z,2026-05-25T16:00Z,6.5,0.0,18.9,21.2,8.1,2.1,0.6,29.3,13.4
2026-05-25T16:00Z,2026-05-25T16:30Z,6.5,0.0,18.6,24.1,8.0,2.4,0.7,25.6,14.2
2026-05-25T16:30Z,2026-05-25T17:00Z,6.8,0.0,17.8,26.1,8.2,4.0,1.3,21.3,14.6
2026-05-25T17:00Z,2026-05-25T17:30Z,6.9,0.0,17.7,27.0,8.3,6.0,2.4,17.0,14.7
2026-05-25T17:30Z,2026-05-25T18:00Z,6.8,0.0,15.7,28.2,8.3,8.9,4.1,13.3,14.7
2026-05-25T18:00Z,2026-05-25T18:30Z,6.9,0.0,16.0,29.2,8.4,10.6,4.3,10.0,14.6
2026-05-25T18:30Z,2026-05-25T19:00Z,7.0,0.0,15.3,32.4,8.8,10.0,5.0,6.6,14.9
2026-05-25T19:00Z,2026-05-25T19:30Z,7.4,0.0,16.0,34.7,9.2,8.1,5.1,3.6,16.0
2026-05-25T19:30Z,2026-05-25T20:00Z,7.6,0.0,19.4,34.6,9.3,5.2,4.7,1.3,17.9
2026-05-25T20:00Z,2026-05-25T20:30Z,7.7,0.0,19.9,35.8,9.4,2.0,5.8,0.2,19.3
2026-05-25T20:30Z,2026-05-25T21:00Z,7.8,0.0,19.2,37.0,9.5,1.4,4.3,0.0,20.7
2026-05-25T21:00Z,2026-05-25T21:30Z,7.9,0.0,19.6,37.2,9.8,1.2,2.6,0.0,21.7
2026-05-25T21:30Z,2026-05-25T22:00Z,8.3,0.0,17.9,37.1,10.3,1.2,1.9,0.0,23.3
2026-05-25T22:00Z,2026-05-25T22:30Z,8.6,0.0,18.3,36.2,10.6,1.0,1.9,0.0,23.4
2026-05-25T22:30Z,2026-05-25T23:00Z,8.9,0.0,17.3,36.3,10.9,1.6,1.6,0.0,23.5
2026-05-25T23:00Z,2026-05-25T23:30Z,9.0,0.0,17.2,36.5,11.0,1.3,1.6,0.0,23.5
2026-05-25T23:30Z,2026-05-26T00:00Z,9.0,0.0,18.3,36.8,10.9,1.1,0.8,0.0,23.1
2026-05-26T00:00Z,2026-05-26T00:30Z,9.2,0.0,18.4,35.8,11.2,1.5,0.8,0.0,23.2
2026-05-26T00:30Z,2026-05-26T01:00Z,9.5,0.0,16.9,37.0,11.6,1.1,0.5,0.0,23.4
2026-05-26T01:00Z,2026-05-26T01:30Z,9.5,0.0,16.9,37.4,11.6,0.9,0.4,0.0,23.3
2026-05-26T01:30Z,2026-05-26T02:00Z,9.5,0.0,17.4,35.7,11.6,1.5,0.4,0.0,23.8
2026-05-26T02:00Z,2026-05-26T02:30Z,9.7,0.0,17.6,35.9,11.6,0.9,0.4,0.0,23.9
2026-05-26T02:30Z,2026-05-26T03:00Z,9.6,0.0,18.1,36.2,11.5,1.0,0.4,0.0,23.2
2026-05-26T03:00Z,2026-05-26T03:30Z,9.7,0.0,18.5,36.6,11.7,0.6,0.5,0.0,22.4
2026-05-26T03:30Z,2026-05-26T04:00Z,9.7,0.0,17.9,37.7,11.6,0.8,0.6,0.1,21.7
2026-05-26T04:00Z,2026-05-26T04:30Z,9.6,0.0,17.8,38.3,11.5,1.3,0.6,0.6,20.2
2026-05-26T04:30Z,2026-05-26T05:00Z,9.2,0.0,19.1,38.3,11.0,1.1,1.1,2.2,18.0
2026-05-26T05:00Z,2026-05-26T05:30Z,8.8,0.0,18.5,36.7,10.5,3.3,1.0,5.4,15.8
2026-05-26T05:30Z,2026-05-26T06:00Z,8.2,0.0,23.2,33.5,9.8,2.0,1.7,9.0,12.8
2026-05-26T06:00Z,2026-05-26T06:30Z,7.9,0.0,23.2,31.1,9.5,3.5,1.8,12.8,10.3
2026-05-26T06:30Z,2026-05-26T07:00Z,7.6,0.0,22.4,31.2,9.1,4.2,1.3,16.2,7.9
2026-05-26T07:00Z,2026-05-26T07:30Z,7.4,0.0,21.7,29.6,8.8,4.6,1.7,20.1,6.2
2026-05-26T07:30Z,2026-05-26T08:00Z,7.2,0.0,21.2,28.7,8.6,3.2,1.5,24.6,5.1
2026-05-26T08:00Z,2026-05-26T08:30Z,7.0,0.0,20.6,27.2,8.4,2.9,1.5,28.2,4.2
2026-05-26T08:30Z,2026-05-26T09:00Z,6.9,0.0,20.2,25.1,8.3,3.1,1.2,31.3,3.9
2026-05-26T09:00Z,2026-05-26T09:30Z,6.7,0.0,19.8,23.2,8.1,3.1,1.2,34.0,3.8
2026-05-26T09:30Z,2026-05-26T10:00Z,6.6,0.0,19.5,23.0,7.9,2.3,0.8,35.8,4.1
2026-05-26T10:00Z,2026-05-26T10:30Z,6.3,0.0,19.1,23.0,7.8,2.0,0.8,36.9,4.1
2026-05-26T10:30Z,2026-05-26T11:00Z,6.3,0.0,18.9,22.3,7.7,1.9,0.7,37.4,4.6
2026-05-26T11:00Z,2026-05-26T11:30Z,6.4,0.0,18.7,22.1,7.6,2.3,0.6,37.2,5.1
2026-05-26T11:30Z,2026-05-26T12:00Z,6.3,0.0,18.6,22.3,7.6,2.4,0.1,36.9,5.8
2026-05-26T12:00Z,2026-05-26T12:30Z,6.3,0.0,18.5,22.3,7.5,2.5,0.1,36.5,6.4
2026-05-26T12:30Z,2026-05-26T13:00Z,6.3,0.0,18.5,22.5,7.5,1.9,0.1,36.1,7.1
2026-05-26T13:00Z,2026-05-26T13:30Z,6.2,0.0,18.6,23.3,7.6,1.7,0.2,34.9,7.5
2026-05-26T13:30Z,2026-05-26T14:00Z,6.2,0.0,18.5,24.2,7.5,1.8,0.3,33.3,8.1
2026-05-26T14:00Z,2026-05-26T14:30Z,6.1,0.0,18.0,25.3,7.3,1.3,0.2,32.5,9.2
2026-05-26T14:30Z,2026-05-26T15:00Z,6.2,0.0,18.1,26.1,7.3,1.6,0.2,30.4,10.1
2026-05-26T15:00Z,2026-05-26T15:30Z,6.2,0.0,18.0,28.1,7.3,1.8,0.2,27.9,10.6
2026-05-26T15:30Z,2026-05-26T16:00Z,6.2,0.0,15.3,31.5,7.3,1.8,0.6,25.2,12.1
2026-05-26T16:00Z,2026-05-26T16:30Z,6.2,0.0,14.9,32.7,7.3,1.8,1.9,21.5,13.8
2026-05-26T16:30Z,2026-05-26T17:00Z,6.2,0.0,10.6,35.6,7.3,5.4,3.2,17.3,14.4
2026-05-26T17:00Z,2026-05-26T17:30Z,6.3,0.0,10.7,37.7,7.4,5.6,3.2,13.6,15.6
2026-05-26T17:30Z,2026-05-26T18:00Z,6.2,0.0,11.1,39.6,7.4,5.5,3.3,10.5,16.5
2026-05-26T18:00Z,2026-05-26T18:30Z,6.4,0.0,11.3,40.9,7.6,4.9,3.7,7.8,17.4
2026-05-26T18:30Z,2026-05-26T19:00Z,6.6,0.0,10.4,42.4,7.8,4.8,3.8,5.1,18.9
2026-05-26T19:00Z,2026-05-26T19:30Z,6.8,0.0,10.5,43.3,8.0,4.4,4.2,2.9,19.9
2026-05-26T19:30Z,2026-05-26T20:00Z,7.1,0.0,10.3,44.7,8.3,2.8,4.1,1.1,21.5
2026-05-26T20:00Z,2026-05-26T20:30Z,7.3,0.0,10.7,46.0,8.6,2.9,2.8,0.2,21.5
2026-05-26T20:30Z,2026-05-26T21:00Z,7.4,0.0,14.5,46.2,8.8,1.0,1.4,0.0,20.8
2026-05-26T21:00Z,2026-05-26T21:30Z,7.7,0.0,15.2,43.4,9.1,0.7,1.7,0.0,22.2
2026-05-26T21:30Z,2026-05-26T22:00Z,8.5,0.0,17.4,37.0,10.1,2.0,1.7,0.0,23.4
2026-05-26T22:00Z,2026-05-26T22:30Z,8.8,0.0,18.0,33.5,10.4,1.6,1.6,0.0,25.9
2026-05-26T22:30Z,2026-05-26T23:00Z,8.8,0.0,20.3,29.9,10.5,0.9,1.1,0.0,28.4
2026-05-26T23:00Z,2026-05-26T23:30Z,9.0,0.0,20.8,27.4,10.7,2.7,1.0,0.0,28.4
2026-05-26T23:30Z,2026-05-27T00:00Z,9.4,0.0,21.4,28.4,11.1,0.9,0.8,0.0,28.0
